Time Step,Mean Original C_HT,Std Original C_HT,Mean Perturbed C_HT,Std Perturbed C_HT
0,0.48960573476702507,0.013740561579753738,0.06354035347917439,0.031401382361547985
1,0.31580669880113704,0.024243674493728495,0.05870399208997651,0.03138697126862915
2,0.2935676059819553,0.028744555324268336,0.05814781856383637,0.030550144437189928
3,0.28556408354962304,0.035124359238519864,0.05998226424422198,0.03132506319211151
4,0.2756672846372513,0.032567600551352535,0.055424360400444926,0.03218713143419414
5,0.2714428995179829,0.0320732503170122,0.05481300210109998,0.029577899567408177
6,0.27027555308367324,0.03730070887394471,0.05636929922135707,0.03292930821323925
7,0.2530994932641206,0.03571070402581571,0.05636936101841552,0.032202759556091816
8,0.24553825237918678,0.03166536726649632,0.05631374366580151,0.033227077084592244
9,0.24175911506612283,0.04119601061415931,0.05625818811024595,0.031099034081615573
10,0.2350324434556915,0.03868264182126279,0.05736985539488319,0.03281023925364418
11,0.22841484365344206,0.036510413433853944,0.056147324187368675,0.027567751940078915
12,0.22035706340378197,0.031297180398020215,0.05692479297985416,0.029489102372800176
13,0.2094048325299716,0.029507557312609536,0.057758806080830546,0.03146902683918635
14,0.204402607835867,0.032234652663430875,0.05675800271907057,0.029649134695809497
15,0.20101520207638118,0.035952006115902164,0.05620226177233963,0.025737529247580198
16,0.19667420590779877,0.03299576593448689,0.05525757013966135,0.026217819825289982
17,0.18900389321468297,0.03466352146514995,0.05397954517364974,0.025269873141250468
18,0.18628123841305158,0.03476603844267422,0.052699789890001236,0.025802067456616104
19,0.18839315288592262,0.04303645846137911,0.05242281547398344,0.02496670633591314
20,0.1873955011741441,0.04873207320677896,0.052144357928562604,0.02403072164127688
21,0.1770535162526264,0.03974537179367972,0.05425682857495984,0.02712158524798416
22,0.17338363613891977,0.0403484032206569,0.05292213570634038,0.02545861057688549
23,0.1732738845630948,0.038151779993393746,0.05375639599555061,0.02622961550745399
24,0.1714378939562477,0.039691625014674964,0.05225540724261525,0.025488698364198786
25,0.17316271165492522,0.043007791089549344,0.05186614757137561,0.026973751605301043
26,0.17249388209121247,0.04014727848846816,0.05058812260536398,0.02478496013469166
27,0.16838215300951673,0.035694992359041,0.05064330737856878,0.024175347841455214
28,0.16676931158076874,0.03192886668546482,0.04914256581386726,0.021585787694137524
29,0.1555979483376591,0.02676079718747915,0.04530706958348782,0.013619195210492385
30,0.1534823878383389,0.022574204802980516,0.044639414163885796,0.013972116116953124
31,0.1460913360524039,0.028562144036873915,0.043917686318131255,0.01260106561206886
32,0.143977567667779,0.029563916728186437,0.041860400444938814,0.011168201787776758
33,0.1428108392040539,0.03309170547559787,0.04158249907304412,0.010431986308984155
34,0.1455327524409838,0.03125185656970203,0.04091533802990978,0.010457124477786068
35,0.14308836979359782,0.03137092550177425,0.04135978247435422,0.01064352341384066
36,0.14192083796811272,0.03282878923712212,0.04113756025213199,0.010955568947979853
37,0.13992052898282042,0.03364529433932637,0.04191620318872821,0.011985740206161995
38,0.1366401557285873,0.03223997044029664,0.04091533802990978,0.010457124477786068
39,0.13841830428871588,0.03249041666536164,0.04152681992337164,0.011037087552448638
40,0.13830855271289086,0.032405118179553445,0.0405817575083426,0.009746725963023038
41,0.135527808676307,0.034326052148353395,0.04108200469657644,0.01001034521484737
42,0.13547120257075762,0.03600153582392252,0.04030360894821407,0.009195775453522684
43,0.13931090100111235,0.034271875497517715,0.04135990606847113,0.010643811277285893
44,0.1410314547027561,0.03668244181117034,0.04136015325670498,0.011471985556514014
45,0.13786274873316032,0.03378945696545292,0.04124891855147695,0.010387427681942459
46,0.1336930540106291,0.030156227441967363,0.04002583117043629,0.008690778636724909
47,0.13547070819428994,0.03312283470840156,0.04063743665801507,0.009064615403721814
48,0.13564009393152884,0.03623510448826327,0.04008138672599184,0.00878777860310865
49,0.13502762328513163,0.032195504597808546,0.0407486713632431,0.009292322069595032
50,0.13586132740081572,0.03209932582055935,0.04074842417500927,0.010095512422495125
51,0.13502756148807316,0.034096851578833014,0.04113780744036584,0.010135219942874925
52,0.13469503151649984,0.03744395732965415,0.04108200469657644,0.010829261192856144
53,0.13224799159560002,0.03875213723388343,0.04258311704362872,0.013689615476799854
54,0.1288578049684835,0.03779217272285228,0.04241632678284513,0.014096690363731195
55,0.1272463848720801,0.0388635640176954,0.04147138796193301,0.010905503797202218
56,0.12524632307502165,0.03622304049042769,0.04074830058089235,0.010095249064248303
57,0.12196391051785935,0.0348504870615052,0.0413044741070325,0.01051522574458034
58,0.11879619330119887,0.03749754239177776,0.04130410332468174,0.011340460721908968
59,0.11929588431590657,0.03911320393464858,0.04230546285996786,0.012969948000506108
60,0.11868539117538006,0.03857948755458294,0.04202669632925472,0.013100452528219286
61,0.12274310962798171,0.044633185709648034,0.042138425410950434,0.012543752015228522
62,0.12179934495118032,0.04431933897425659,0.0420823754789272,0.013241088554374768
63,0.1215187245087134,0.043593624151934525,0.04280558645408478,0.014275141381488743
64,0.11990755160054381,0.04081323166008256,0.04297188233840069,0.015558786263137683
65,0.12390915832406377,0.03704418281309692,0.043027808676307004,0.014866907575311684
66,0.12240909652700531,0.03167444142326884,0.043861389197874176,0.017974071269863057
67,0.12157347670250895,0.02884831745494558,0.04547385984427141,0.021669986181872884
68,0.12307613397602273,0.03395823677795782,0.044472871091336054,0.019672426251844153
69,0.11734989494500063,0.033425548672741404,0.043806080830552464,0.01698321808189472
70,0.1175729205289828,0.03386946373348514,0.04274953652206155,0.014968491355696206
71,0.11924057594858484,0.03358765144415739,0.04319459893709059,0.015315105066751307
72,0.12374360400444939,0.03466183933058541,0.04269385737238907,0.014821690812201922
73,0.11929730564825114,0.03558131171362047,0.04275003089852923,0.014128242300531913
74,0.11746131504140403,0.03784487300947221,0.04169348659003831,0.01227266210925782
75,0.11829600791002345,0.04081216645490407,0.04263867259918428,0.01383513964536284
76,0.11923983438388333,0.038958626841755044,0.04186002966258806,0.012683309343657306
77,0.1176296502286491,0.038457222851838516,0.043750648869113826,0.01683057389391976
78,0.12252070201458412,0.04165384203572275,0.043360894821406495,0.016605538847893887
79,0.12252199975281175,0.0381070108982532,0.043750648869113826,0.01683057389391976
80,0.1216869978989,0.03556303396865625,0.04130435051291558,0.011341038640679622
81,0.12101971326164876,0.03500463953838335,0.04180484488938326,0.011710388218865418
82,0.11935242862439747,0.030029668266779337,0.04147114077369917,0.011735184948031148
83,0.11890736620936844,0.03063068975695244,0.04247188233840069,0.013399723968563102
84,0.10823359288097885,0.02754935211723576,0.042749289333827704,0.01496783869527377
85,0.1082330985045112,0.02570629301467109,0.04280558645408478,0.014275141381488743
86,0.11040310221233471,0.027083611755120054,0.04191546162402669,0.012821389935725293
87,0.11084655790384376,0.027112215508972762,0.04308311704362872,0.015015166527185462
88,0.10478785069830676,0.028366857854187563,0.04363929056976888,0.01736406151503998
89,0.10689982696823633,0.022825423241254163,0.043972871091336053,0.01744401750314924
90,0.10706748238783834,0.02208076206075804,0.04325003089852923,0.016305563038908948
91,0.10873427264862193,0.019942350455367505,0.04469558769002595,0.019463293610630303
92,0.104399517982944,0.01893180927287603,0.044361389197874176,0.01936094097515301
93,0.10806723519960451,0.02447604015551834,0.04469558769002595,0.019463293610630303
94,0.10512180200222468,0.02274018321082097,0.04491756272401433,0.020921968595776046
95,0.10145266345321961,0.025879247336037473,0.044695711284142875,0.0194636416727524
96,0.09661556049932023,0.02260681978569086,0.044027932270423925,0.018434050655685125
97,0.09717167222840194,0.02363016454031328,0.04475120504263997,0.019620005662144734
98,0.09733796811271782,0.02353336189635131,0.04324996910147077,0.016305396181167303
99,0.09711568409343715,0.02128184408955603,0.04386175998022494,0.017136798738776274
100,0.09928340131009764,0.018134187395988825,0.04319472253120751,0.01615638701695999
101,0.10050815721171673,0.018596511090350952,0.042916573971078974,0.014569886712521003
102,0.10306253862316155,0.015436807598780218,0.04091509084167593,0.010456580471035424
103,0.10323303670745272,0.01578030474063299,0.04141570881226053,0.010774299436134697
104,0.10578673835125448,0.014988895440435234,0.04152669632925472,0.011868247336168041
105,0.10612291434927697,0.01969678440022027,0.04124879495736003,0.010387144598750668
106,0.1033411197626993,0.0200066596594063,0.04019262143121987,0.008988138810998688
107,0.10450889877641822,0.02126984519278803,0.0404148436534421,0.008629680372833844
108,0.10456402175256456,0.02626519198240604,0.04024805339265851,0.00909090999321234
109,0.10745606229143492,0.02612561963122206,0.04091546162402669,0.009645323710240052
110,0.10801069089111359,0.02776675529248988,0.04119311580768755,0.01108294363065771
111,0.10512192559634159,0.029839106842365532,0.04186052403905574,0.011847686641437679
112,0.10467593622543567,0.02811155649296781,0.04091496724755901,0.010456308476768535
113,0.10150741564701522,0.025835115374652676,0.04224953652206155,0.012826648865461846
114,0.10100735384995674,0.02798862470385751,0.04230472129526634,0.013808562351652237
115,0.10201001112347052,0.027685791327356563,0.043916944753429735,0.01728926198485764
116,0.10361976269929554,0.027838942961688807,0.04274990730441231,0.014969470361855534
117,0.1095693980966506,0.02888071568748233,0.04258311704362872,0.013689615476799854
118,0.10751186503522432,0.031666064962457316,0.042916450376962054,0.015411036808195291
119,0.10673445803979731,0.030223270429079754,0.0425829934495118,0.013689292267567705
120,0.10345272525027809,0.028415119455054445,0.042860524039055735,0.015262356377674329
121,0.10434352984797926,0.030470743420110653,0.04408435298479792,0.017753208453794085
122,0.10300766283524905,0.029322830678782646,0.04325003089852923,0.016305563038908948
123,0.10651186503522432,0.03231409695375148,0.044084105796564084,0.017752521873408044
124,0.10395229267086888,0.028542096965216725,0.044139290569768876,0.01874274638558573
125,0.10562285255221851,0.029909753560536136,0.044862254356692624,0.01993339981266664
126,0.10573155357804968,0.030573156311173934,0.04514015572858732,0.021551240555771668
127,0.10879118773946361,0.03293821751834803,0.04625200840439995,0.023900680499708827
128,0.10873390186627116,0.03662719689660059,0.04652990977629465,0.02552437045335109
129,0.10623309850451117,0.03309774996488519,0.04658534173773328,0.024862065732183993
130,0.10912297614633544,0.034626680573827444,0.046585218143616366,0.025683776578148042
131,0.11457088122605363,0.04117627625457636,0.04664139166975652,0.025024019716292152
132,0.11156927450253369,0.03763813746623875,0.04652904461747621,0.025521877609821025
133,0.11407106661722902,0.04054077134550023,0.04758583611420096,0.027764033887927725
134,0.11318094178717093,0.037073002175951816,0.046585218143616366,0.025683776578148042
135,0.11168063280187863,0.03690286168850717,0.04652966258806081,0.024701265088685677
136,0.11462526263749846,0.03600949551477676,0.04664102088740576,0.025844690726270544
137,0.11751736497342727,0.03664994471648125,0.04591830428871586,0.02294153298966045
138,0.11084643430972685,0.03476268128913596,0.04647410703250525,0.02536362421080892
139,0.1111242738845631,0.036737171679954495,0.04591818069459894,0.022941178414120928
140,0.10917964404894327,0.03242021124721169,0.043639166975651955,0.01736372320676415
141,0.10834563094796687,0.03150387371735807,0.04308324063774564,0.015015498246041356
142,0.10867958225188482,0.03449578802472285,0.043417068347546654,0.016758003234201773
143,0.11296001730317635,0.040389550676367895,0.044306080830552465,0.018370792700261526
144,0.11445896675318254,0.04147903596734557,0.04375052527499691,0.017669067370460704
145,0.1125151402793227,0.03988695290560292,0.04358367321715486,0.016372376593596413
146,0.11256933629959213,0.03364575874335724,0.04375009269558769,0.017667879227124168
147,0.11473767148683722,0.03762950903601479,0.044084105796564084,0.017752521873408044
148,0.1096792732665925,0.0377730589644811,0.044361759980224943,0.01936197568766457
149,0.10756667902607835,0.03229942977677401,0.04486237795080954,0.01993374896665628
150,0.10578815968359905,0.029204698209131873,0.04547361265603757,0.0224980798395259
151,0.10412106043752319,0.028622934985713402,0.04530682239525398,0.021194058778608044
152,0.10823316030156964,0.03145994828131705,0.04647385984427141,0.02536291234833259
153,0.1073451365714992,0.031654285952336846,0.04714151526387344,0.026472526862587126
154,0.11356865653194907,0.035138317708862166,0.04714102088740575,0.02728998939852489
155,0.11179359782474356,0.03355503203252562,0.04864262761092572,0.03084998135180242
156,0.11123439624273886,0.033382920594826,0.04914238042269188,0.0331238485394245
157,0.1106803856136448,0.03146597226463445,0.04980966505994315,0.03427576949202217
158,0.11379236188357436,0.030803531318710522,0.04903102212334692,0.03279763075543516
159,0.11412612779631688,0.03143633180639779,0.04791966382400198,0.028736861548557577
160,0.11518267210480782,0.031761612156345334,0.04808558892596713,0.03003499747571578
161,0.11129180571004818,0.03129788403377449,0.04825373872203683,0.029712315817900587
162,0.11234754665677912,0.03316249328294657,0.04869744160177976,0.0318214013430346
163,0.11329186750710667,0.033822429175034294,0.04725262637498455,0.026795112701657874
164,0.11012470646397232,0.033216497490369465,0.04714089729328884,0.02728963140820768
165,0.10906810035842293,0.03410396449018736,0.04747484859720678,0.027441055077556946
166,0.11229199110122356,0.03861205166867821,0.04714139166975652,0.02729106337152611
167,0.11318143616363863,0.04020398931325452,0.0463627487331603,0.02421972597417963
168,0.11095841057965641,0.039553792313249805,0.04597385984427141,0.023926685719973508
169,0.10951093807934742,0.03880056953938205,0.04769682363119516,0.028087245856637466
170,0.11218106538128784,0.0359510831213339,0.04714151526387343,0.027291421363209653
171,0.11735001853911753,0.040451705235622505,0.04725250278086763,0.026794753728088587
172,0.11729433938944507,0.03992308149953764,0.04630744036583858,0.024884044696555228
173,0.11868366085774318,0.03922586839178478,0.04702929180571004,0.026146985250398148
174,0.118628290693363,0.04111556102117514,0.045417933506365096,0.022339656334924875
175,0.113569583487826,0.03858622053050641,0.044639661352119636,0.019305882301405182
176,0.11323730070448648,0.03698973416095708,0.04436200716845878,0.01936266550078818
177,0.11168155975775554,0.033985567593321095,0.044584105796564084,0.019149688915977767
178,0.11273600296625881,0.03583092179259055,0.04347237671486837,0.016908417237726393
179,0.11179211469534049,0.034363278384429624,0.043249660116178465,0.015463767703014126
180,0.11262520084043999,0.03641926619364289,0.043639166975651955,0.01736372320676415
181,0.11056945989370906,0.036528431403494745,0.04513978494623656,0.020719319030034745
182,0.11123699171919417,0.03584423677716386,0.044917809912248176,0.02092266607463095
183,0.10956828574959832,0.03506334778016171,0.044806698801137065,0.019776534813512135
184,0.11023433444568038,0.03871871128734116,0.044917686318131256,0.02092231733482447
185,0.10584371523915462,0.035360472932333936,0.04602966258806081,0.02326121091313091
186,0.10712204919045853,0.033371547752587744,0.04691879866518354,0.026646888002175382
187,0.10351007292052898,0.03383079439252243,0.04825299715733531,0.029710148574196914
188,0.10417544184896799,0.036942982059775455,0.04836373748609566,0.0308463821482619
189,0.09945087133852429,0.03634152654440014,0.0470302805586454,0.026149852227867504
190,0.09961766159930786,0.03905506056110653,0.04602941539982697,0.024085882538967086
191,0.09850642689407983,0.038095336773248535,0.04602941539982697,0.02326050085809662
192,0.10484402422444691,0.03971293216070262,0.04569558769002595,0.02313086868488162
193,0.1027864911630206,0.03987627137738181,0.04730842911877395,0.026957221923527768
194,0.098894141638858,0.03829109556262337,0.04814151526387343,0.03019803874543391
195,0.09717241379310346,0.031689620868413065,0.04797571375602521,0.028900392002031587
196,0.09689389445062414,0.031007131390783448,0.04864200964034112,0.03165932701923071
197,0.09611568409343717,0.031403151901367214,0.049365406006674085,0.032969800722103614
198,0.09667191941663578,0.032295442494223,0.05030997404523545,0.03655279417550933
199,0.09656043752317389,0.028788949967322407,0.05008812260536398,0.035095366532358396
200,0.0976156222963787,0.02984590163659304,0.049920590779878884,0.03540766142789639
201,0.09772710418984057,0.02980168309425986,0.046974910394265226,0.02598933580608536
202,0.09956303299962924,0.02777648849136165,0.04625182301322457,0.02472418708190934
203,0.10156358917315536,0.027860729633841088,0.04730873810406625,0.026958119718582644
204,0.10289797305648249,0.028143977335028485,0.04614077369917192,0.024405284833682733
205,0.09806148807316771,0.026078295084171494,0.04697435422073909,0.025987723832617826
206,0.09411401557285873,0.023501976014196808,0.04647447781485601,0.025364692007714604
207,0.09533611420096402,0.021748578106529224,0.0460851563465579,0.02342066770289791
208,0.0960601285378816,0.024831041679983186,0.046752440983809165,0.02616622820356011
209,0.09455938697318006,0.021842290502352243,0.04730830552465702,0.026956862806058517
210,0.0956706216784081,0.022201358002861358,0.04630781114818934,0.024885110722120463
211,0.09405753306142628,0.022050311978122673,0.046807625757013964,0.02550481791170951
212,0.09439142256828574,0.02483240202623498,0.046585650723025576,0.02568502365538922
213,0.09322555926337908,0.024805298814762865,0.04758614509949326,0.027764933378659047
214,0.08955617352614016,0.02140448844089252,0.047863552094920284,0.029388222802983522
215,0.09122382894574219,0.019251095001594092,0.04930947966876777,0.03280554934532948
216,0.0922245705104437,0.02195599496956304,0.049253800519095295,0.033450402578998145
217,0.09222419972809295,0.02387166195655289,0.050143554566802626,0.03525861037611773
218,0.0930579656408355,0.025758635945811507,0.05086602397725868,0.038190492110669445
219,0.09600519095291064,0.025825545032129023,0.05114417253738722,0.03820989741444663
220,0.09400315164998146,0.02919390034271048,0.05131034482758621,0.039500953490539004
221,0.09700537634408603,0.030772659112071374,0.052311271783463106,0.0416613450327177
222,0.09611599307872945,0.030659602644663986,0.05203343220862687,0.0416366514799845
223,0.09644778148560129,0.033333404148746026,0.05370065504881968,0.04578002249887239
224,0.0950043257940922,0.03581851895175443,0.052311271783463106,0.04245817854278844
225,0.09261290322580645,0.032197968560968925,0.05153349400568533,0.03936025403187928
226,0.09244703992089975,0.03170894539915249,0.04914268940798418,0.03312475391209713
227,0.09366901495488814,0.030601847452212966,0.049809788654060064,0.03427613310336675
228,0.09166870596959587,0.03310738064504992,0.04936484983314794,0.033776019934544606
229,0.08883358052156717,0.03422448555229859,0.04942077617105426,0.03313245348571736
230,0.08866592510196512,0.036334122209343823,0.05014287479915956,0.03606119307577121
231,0.08638765294771969,0.036655500759607516,0.04908719564948708,0.032153078313498805
232,0.08766468916079594,0.04037054399983877,0.04997633172660981,0.035571497533505476
233,0.08833364231862563,0.03423086167292375,0.05031015943641083,0.035749421203558104
234,0.08927833395130391,0.032106837346914205,0.051198801137065875,0.039171828434283115
235,0.08977858113953777,0.030802624352106563,0.04992077617105426,0.03460271752430041
236,0.08800000000000001,0.02916205641778379,0.051810406624644666,0.04097755102807012
237,0.0842191323692992,0.025025574692590462,0.052755963416141395,0.042978547685340006
238,0.0881104931405265,0.026088630467026454,0.052867445309603266,0.044104046478651716
239,0.08861098751699419,0.02519877784777187,0.054089543937708574,0.046934406488509404
240,0.08377524409838091,0.027637377087349115,0.05336793968607094,0.045586552671126046
241,0.0823846866889136,0.032894187131022296,0.053533617599802255,0.04528437914406882
242,0.07777240143369177,0.0266940502851385,0.053311951551106164,0.04542064920183715
243,0.07899450006179706,0.028276382419625705,0.054979854158942035,0.04957938270286956
244,0.07982894574218266,0.029498340194200858,0.054645779260907176,0.04937682250771826
245,0.08082820417748116,0.031101101179431684,0.055813434680509214,0.05205822606079906
246,0.08210771227289582,0.032755091263861766,0.054590409096527,0.04921244716771036
247,0.08171845260165615,0.030831443497044506,0.053811889754047715,0.04611015024342801
248,0.08421882338400692,0.035364248926283114,0.053645099493264126,0.04640804814862085
249,0.08149610678531702,0.029821842660339385,0.053311889754047714,0.04462664391528071
250,0.07993919169447535,0.02576004568839656,0.052811148189346194,0.043937370339169564
251,0.08027413175132865,0.023755974391085143,0.05225546903967372,0.04149613016344439
252,0.07899474725003089,0.02357323681701633,0.05281164256581387,0.043938833941845966
253,0.07938338895068595,0.0240592058597323,0.052199666295884316,0.041330932945915284
254,0.07932758620689653,0.024157777693461873,0.05058769002595477,0.03737039638279144
255,0.08255258929674948,0.02519665821752227,0.04864225682857496,0.030848895623861148
256,0.08349709553825238,0.02641937994069013,0.04775312075145223,0.029066870762303732
257,0.08316314423433444,0.02683105468344132,0.04719719441354591,0.026634145524892777
258,0.08455308367321715,0.027825171358309964,0.04680768755407243,0.026325776967608194
259,0.08421962674576691,0.02740544792479028,0.04641904585341738,0.02438205422513238
260,0.084996910147077,0.026488682519813678,0.04641830428871586,0.025202964710649065
261,0.08499796069707082,0.02523926821176963,0.04636349029786182,0.024221863633482256
262,0.09038956865653194,0.02636670824122373,0.044584229390681004,0.019984307105317328
263,0.0895007415647015,0.028200706601052717,0.04386163638610802,0.017136457548401655
264,0.0852760474601409,0.026793635049487275,0.044028055864540845,0.018434392779725542
265,0.0869423433444568,0.029967732597517664,0.04308348782597948,0.015016161689235679
266,0.08694444444444444,0.02960725708767659,0.04308311704362872,0.015856381623305313
267,0.08583147942157954,0.026461542862460573,0.04358373501421332,0.01637254570765457
268,0.08360659992584354,0.02409681926861988,0.0435836114200964,0.017211789096045756
269,0.08627678902484243,0.024179603757748785,0.043861512791991096,0.01713611635925653
270,0.0857754294895563,0.025130042091536044,0.04236064763317266,0.013952684878073815
271,0.08405345445556792,0.022029366576577607,0.04280521567173402,0.014274159525518994
272,0.08066122852552218,0.020274282404973778,0.043305957236435544,0.016456731928926917
273,0.08005005561735261,0.020000827392110447,0.043527808676307005,0.01621964301344013
274,0.0810503646026449,0.020386261643845428,0.04297225312075145,0.015559775814104827
275,0.0826063527376097,0.02029838522027275,0.042527314299839324,0.013543934420464233
276,0.08121832900753924,0.018745220339733474,0.04336126560375726,0.016606544195992286
277,0.08205048819676183,0.018589677130028782,0.044528797429242366,0.018994367331427363
278,0.08416481275491287,0.02081469817855084,0.044028179458657765,0.01843473490487423
279,0.085887158571252,0.024448062707508333,0.04347225312075145,0.016068047992903862
280,0.0854975281176616,0.025097920798707415,0.043694722531207514,0.01751592529303079
281,0.08366407119021134,0.021960152429927465,0.044306575207020145,0.018372173413020196
282,0.08110554937584971,0.020629533086877375,0.04386114200964034,0.017973390127967323
283,0.08366339142256829,0.02090072142214525,0.04297237671486837,0.01471869568851566
284,0.08494215795328142,0.02195202952660605,0.04147114077369917,0.011735184948031148
285,0.08466512174020516,0.02314257702500107,0.0418602768508219,0.011847075415221947
286,0.08610907180818192,0.025760498765797394,0.04230484488938326,0.01380888026535831
287,0.08583234458039798,0.025469419858256008,0.04375052527499691,0.01683023383918878
288,0.08944370287974292,0.03057915036088903,0.043639043381535035,0.017363384899814503
289,0.08633388950685947,0.02919763967533387,0.044806575207020145,0.019776186015637128
290,0.08327351378074403,0.02678170344765714,0.04397237671486837,0.018280379059725023
291,0.08299796069707081,0.02844859341683488,0.043861512791991096,0.01713611635925653
292,0.0853856136447905,0.0323935313450414,0.043472253120751446,0.01690808079352412
293,0.08277425534544555,0.030889654607428884,0.0428057100482017,0.014275468671065984
294,0.082662279075516,0.035453933707915594,0.04219373377827215,0.01352416261667888
295,0.08221820541342231,0.03269237747641299,0.042916326782845134,0.014569228434609564
296,0.08060573476702508,0.023677181119776698,0.04197138796193301,0.012961373513210434
297,0.07827104189840564,0.01927079307686184,0.04213830181683352,0.012543438715386384
298,0.07971709306637004,0.021692727629723338,0.04169311580768755,0.012271755230524239
299,0.08371907057224076,0.025089802890657976,0.04297237671486837,0.01471869568851566
300,0.08527586206896552,0.02622048289820505,0.043138549005067355,0.016005215042187416
301,0.08388641700655047,0.027613306885581168,0.042972129526634525,0.014718035631401321
302,0.0837191323692992,0.02635759293547305,0.04247175874428377,0.014240556264319816
303,0.08599796069707082,0.02739003090604216,0.042916697565195894,0.014570215854477413
304,0.08421944135459151,0.023035122332071046,0.043027437893956244,0.01570723720501688
305,0.08660956618464961,0.0234958247257091,0.043917562724014335,0.017290970663250454
306,0.08610981337288345,0.022956293473736133,0.0431387961933012,0.01600587950635238
307,0.08744314670621678,0.024612338653103506,0.043694969719441354,0.016677511843854582
308,0.09183506365097023,0.02776078557449683,0.043639166975651955,0.01736372320676415
309,0.0938358670127302,0.026849437071737006,0.04386175998022494,0.017136798738776274
310,0.09444765789148438,0.02927297611201927,0.044695340501792115,0.020296199678882795
311,0.0987828451365715,0.032682090195253206,0.04564040291682116,0.022145611226307302
312,0.09950741564701521,0.03216134656516439,0.04497324187368681,0.02107915172087083
313,0.09906179705846001,0.032041025737555275,0.04513990854035348,0.020719669839625306
314,0.10172976146335433,0.03551634975297886,0.04597373625015449,0.02392633166916546
315,0.10123081201334816,0.03397439478823852,0.04602966258806081,0.02326121091313091
316,0.09922772216042516,0.034250702219995335,0.04569608206649363,0.023132280090450257
317,0.10089661352119639,0.03563167985917425,0.04741966382400198,0.027280554186107274
318,0.09739340007415648,0.03351512951814483,0.04702990977629465,0.026968295639044914
319,0.09956154987022617,0.034563155674691926,0.04514027932270424,0.020720722272570238
320,0.09833870967741934,0.03459532835732831,0.04575114324558151,0.02328953116963772
321,0.09839513039179335,0.03511609187779139,0.04630768755407243,0.024061048854108404
322,0.09878401928068223,0.03567714530694379,0.045417809912248176,0.022339304813022303
323,0.09583704115684091,0.03153377041059679,0.04641867507106662,0.02438098481215022
324,0.09600488196761833,0.03243737213704606,0.04519558769002595,0.021708304914447574
325,0.09567185761957732,0.03026068233819497,0.043806328018786304,0.01698389934362027
326,0.096393338277098,0.029498002942236062,0.04247151155604993,0.01423991363739999
327,0.09433741193919168,0.027615440530208812,0.043639537758002715,0.016525398222320836
328,0.09255778024966012,0.029131086301009256,0.0425829934495118,0.01453069479099006
329,0.09250253367939686,0.030098638409631565,0.04236095661846496,0.013112712782438798
330,0.09050061797058459,0.028902386297078236,0.04197144975899147,0.012961528556231307
331,0.09111148189346188,0.028898426765611235,0.04191620318872821,0.011985740206161995
332,0.08622086268693611,0.0289300969530667,0.04135984427141268,0.011471257879602507
333,0.08649777530589545,0.029140249733691802,0.041971696947225315,0.012124059839390348
334,0.08744382647385986,0.02961702460560349,0.04163793103448275,0.012137162597545851
335,0.08727617105425782,0.027463976822722946,0.04219410456062291,0.012685208858071485
336,0.08444153998269681,0.02639688850987455,0.04219398096650599,0.013524793560637198
337,0.08071727845754542,0.027127325104073202,0.04258286985539488,0.013688969060747378
338,0.0805497466320603,0.02867009880127315,0.04263824001977505,0.014675485255535706
339,0.08016122852552218,0.03571634701654273,0.04291682115931282,0.0145705449984341
340,0.07715931281670993,0.029962480241150356,0.042082437275985665,0.013241244984006547
341,0.07638097886540601,0.03032453575734755,0.04280546285996786,0.014274814094038399
342,0.07721394141638858,0.03280289226619785,0.041915647015202076,0.012821852867537738
343,0.07577085650723026,0.029734055059915453,0.04236101841552342,0.01311287207503467
344,0.07743628723272772,0.02825538368518761,0.041081942899517984,0.01082912130274875
345,0.07638153503893215,0.03167325839547736,0.04180496848350018,0.011710692131969689
346,0.07704826350265728,0.030330132104695626,0.04158188110245952,0.0120012525611056
347,0.07715912742553455,0.028776601223695387,0.04163830181683352,0.011304491935126419
348,0.0747122110987517,0.029439657549170002,0.04052607835867013,0.009633174644121063
349,0.07037677666543071,0.025276340650783508,0.040137251266839695,0.008131642498107642
350,0.07243381535038933,0.027109990235186114,0.039858731924360395,0.008412194880049807
351,0.07360184155234212,0.028716333596476986,0.04052620195278704,0.008843640215620924
352,0.0711551724137931,0.025121220947705466,0.03935854653318502,0.007714065218180527
353,0.06865356569027313,0.0247445392880872,0.040303794339389444,0.00842409946347749
354,0.06970924483994562,0.027960706163300545,0.040136880484488935,0.008886734453186287
355,0.06882047954517365,0.024074345032310658,0.041026263749845505,0.009886864174920048
356,0.07004282536151278,0.024912397934801205,0.04097064639723149,0.010579449620995378
357,0.07032196267457669,0.02698482617486859,0.04152669632925472,0.011036793124030355
358,0.07221184031640096,0.031021913537573415,0.041248856754418486,0.011211779055467174
359,0.07476850821900878,0.03416878932742448,0.04113780744036584,0.010135219942874925
360,0.07743739957978,0.03606695423154078,0.04097076999134841,0.010579724303503998
361,0.07571295266345321,0.03389974556437276,0.04097089358546533,0.009765493764940092
362,0.0751582622667161,0.0344381111066189,0.04074817698677542,0.010094985712749584
363,0.07560147076999135,0.034027414658942524,0.04085941169200346,0.009525224564406428
364,0.07504640959090347,0.03201483622483801,0.0404148436534421,0.009411100441555662
365,0.07454640959090346,0.033261572080063084,0.04069262143121987,0.009176772714966771
366,0.07154517364973427,0.029538129130781497,0.03974755901619083,0.008238537699973233
367,0.07143282659745395,0.027254557151828767,0.04119311580768755,0.010260184032948613
368,0.06954418489679891,0.02588169176681411,0.04180459770114942,0.012545913301636213
369,0.06970998640464714,0.026369429672874173,0.04252756148807317,0.013544578633318241
370,0.06976578914843654,0.028229483292024547,0.04236064763317266,0.013952684878073815
371,0.06987690025954763,0.026914587024785483,0.043806080830552464,0.01698321808189472
372,0.06759739216413299,0.025619663734434583,0.041749165739710783,0.012409224547880545
373,0.06759838091706834,0.02575156302230187,0.04186015325670498,0.011846769807695372
374,0.0655962798170807,0.022700396579538745,0.04147101717958225,0.011734889881783865
375,0.06593010752688172,0.020870984302403937,0.04058200469657644,0.008953623205575243
376,0.06365134099616858,0.02075799372176896,0.03969237424298604,0.008156029358736487
377,0.06370640217525646,0.023602828459169136,0.0396369422815474,0.007387896156782428
378,0.06381714250401681,0.024571670291550426,0.03874718823384007,0.007201545278528787
379,0.06676418242491658,0.02655249501333089,0.03913657149919664,0.006895170924445557
380,0.06659726857001606,0.024489981197604774,0.03941434927697442,0.007780722057290389
381,0.0676539364726239,0.025632586859900237,0.039081015943641086,0.0068585688064824795
382,0.06709726857001605,0.02618260077222873,0.038524842417500926,0.007123926793037727
383,0.06787640588307996,0.0252481196697821,0.038525089605734766,0.006712815817547143
384,0.06920887405759485,0.02751016923824895,0.037746570263255466,0.007339419376504418
385,0.06954356692621431,0.02567673136270236,0.038525213199851686,0.006712802523633635
386,0.06976578914843654,0.03252655374528582,0.037746693857372386,0.007339326689555009
387,0.07071109875169941,0.0314062872018076,0.038024842417500926,0.0069308781320900495
388,0.07321245828698554,0.03225779202333493,0.037246323075021626,0.007850260909161196
389,0.0748802373007045,0.03461118105828613,0.037691261895933754,0.007247368500858901
390,0.07515801507848227,0.033043696389695044,0.037246323075021626,0.007850260909161196
391,0.07815974539611914,0.034964806189044004,0.037691261895933754,0.007247368500858901
392,0.0806613521196391,0.039039842088246075,0.037246323075021626,0.007850260909161196
393,0.08032715362748735,0.03583895791139939,0.037691261895933754,0.007247368500858901
394,0.07999344951180323,0.03883518251333148,0.037246323075021626,0.007850260909161196
395,0.0819392534915338,0.039759847651869074,0.037691261895933754,0.007247368500858901
396,0.0833851810653813,0.04219757893233487,0.037246323075021626,0.007850260909161196
397,0.08427406995427018,0.042501054457596055,0.037691261895933754,0.007247368500858901
398,0.07938320355951056,0.03380262433205507,0.037246323075021626,0.007850260909161196
399,0.076880978865406,0.030904080311889813,0.037691261895933754,0.007247368500858901
400,0.07699332591768633,0.03089121602515787,0.037246323075021626,0.007850260909161196
401,0.07660320108762823,0.02969907725973077,0.037691261895933754,0.007247368500858901
402,0.07565813867259917,0.030037181441046452,0.037246323075021626,0.007850260909161196
403,0.07760480781114819,0.02894176266729459,0.037691261895933754,0.007247368500858901
404,0.07549196638240019,0.027842377330258794,0.037246323075021626,0.007850260909161196
405,0.07582542330985045,0.027979583920971603,0.037691261895933754,0.007247368500858901
406,0.0746012235817575,0.028125252676059018,0.037246323075021626,0.007850260909161196
407,0.07371270547521938,0.029290517437878968,0.037691261895933754,0.007247368500858901
408,0.07115579038437769,0.028523562227381595,0.037246323075021626,0.007850260909161196
409,0.07159943146706217,0.02861939478549948,0.037691261895933754,0.007247368500858901
410,0.07060085279940674,0.025676120916080472,0.037246323075021626,0.007850260909161196
411,0.07076646891607959,0.024015115832601106,0.037691261895933754,0.007247368500858901
412,0.07221177851934246,0.028112389311292292,0.037246323075021626,0.007850260909161196
413,0.07104585341737732,0.02486344331218718,0.037691261895933754,0.007247368500858901
414,0.07082282783339514,0.025841982332447323,0.037246323075021626,0.007850260909161196
415,0.06993362995921393,0.024306545201816323,0.037691261895933754,0.007247368500858901
416,0.07065461624026696,0.02646751792613269,0.037246323075021626,0.007850260909161196
417,0.07121184031640093,0.025984887987333987,0.037691261895933754,0.007247368500858901
418,0.06965455444320849,0.02463082792824248,0.037246323075021626,0.007850260909161196
419,0.07109992584352984,0.023327852099041972,0.037691261895933754,0.007247368500858901
420,0.07254455567914966,0.028095974722095848,0.037246323075021626,0.007850260909161196
421,0.07071085156346557,0.023379978862948306,0.037691261895933754,0.007247368500858901
422,0.06987578791249535,0.023260743961330953,0.037246323075021626,0.007850260909161196
423,0.07110011123470523,0.02574627942136643,0.037691261895933754,0.007247368500858901
424,0.06748665183537264,0.02662616133737556,0.037246323075021626,0.007850260909161196
425,0.06954381411444815,0.027415313519951398,0.037691261895933754,0.007247368500858901
426,0.06943295019157088,0.029971785494906224,0.037246323075021626,0.007850260909161196
427,0.07015492522555926,0.030227227081007522,0.037691261895933754,0.007247368500858901
428,0.07110042021999752,0.033815784988628375,0.037246323075021626,0.007850260909161196
429,0.07115572858731925,0.03204730281607178,0.037691261895933754,0.007247368500858901
430,0.07076591274255346,0.03399330545706595,0.037246323075021626,0.007850260909161196
431,0.07126683969843037,0.032115117786876576,0.037691261895933754,0.007247368500858901
432,0.06982134470399208,0.03234268994006978,0.037246323075021626,0.007850260909161196
433,0.07243393894450625,0.0336295968091465,0.037691261895933754,0.007247368500858901
434,0.07148838215300951,0.03507122227383241,0.037246323075021626,0.007850260909161196
435,0.07404591521443579,0.0354765134249091,0.037691261895933754,0.007247368500858901
436,0.07021048078111482,0.03322792168382423,0.037246323075021626,0.007850260909161196
437,0.0717665925101965,0.03191680551956014,0.037691261895933754,0.007247368500858901
438,0.07226721048078111,0.03465940705451492,0.037246323075021626,0.007850260909161196
439,0.07454659498207884,0.03762906331992505,0.037691261895933754,0.007247368500858901
440,0.06959918427882832,0.032301271716743435,0.037246323075021626,0.007850260909161196
441,0.06782091212458288,0.032831167934273625,0.037691261895933754,0.007247368500858901
442,0.06926554196020268,0.03765696673724657,0.037246323075021626,0.007850260909161196
443,0.07165597577555308,0.042443549009670505,0.037691261895933754,0.007247368500858901
444,0.06793202323569397,0.038740923529800485,0.037246323075021626,0.007850260909161196
445,0.06548535409714498,0.0355396884399653,0.037691261895933754,0.007247368500858901
446,0.06431769867754294,0.03373576726014858,0.037246323075021626,0.007850260909161196
447,0.06392893338277097,0.032415552420738035,0.037691261895933754,0.007247368500858901
448,0.06398417995303424,0.0329226908063883,0.037246323075021626,0.007850260909161196
449,0.06481837844518601,0.030720731766022677,0.037691261895933754,0.007247368500858901
450,0.06520732913113335,0.03353590529353443,0.037246323075021626,0.007850260909161196
451,0.0669867136324311,0.035667270353381186,0.037691261895933754,0.007247368500858901
452,0.0667072673340749,0.03615428758296891,0.037246323075021626,0.007850260909161196
453,0.06554072426152516,0.032643992920328095,0.037691261895933754,0.007247368500858901
454,0.06720720553701644,0.03684301157672897,0.037246323075021626,0.007850260909161196
455,0.06587510814485231,0.03384925112440401,0.037691261895933754,0.007247368500858901
456,0.06604066246446669,0.03912118269717253,0.037246323075021626,0.007850260909161196
457,0.06754307254974663,0.041892120309541675,0.037691261895933754,0.007247368500858901
458,0.07048776418242492,0.046047949858916394,0.037246323075021626,0.007850260909161196
459,0.07043344456803856,0.04731447466824561,0.037691261895933754,0.007247368500858901
460,0.06743016932394018,0.04290758172095871,0.037246323075021626,0.007850260909161196
461,0.06898776418242492,0.045049700119258435,0.037691261895933754,0.007247368500858901
462,0.07126578914843654,0.04942496015383794,0.037246323075021626,0.007850260909161196
463,0.06876634532196269,0.04445207150700829,0.037691261895933754,0.007247368500858901
464,0.0672073909281918,0.040427230488264375,0.037246323075021626,0.007850260909161196
465,0.06848776418242492,0.04172946846634773,0.037691261895933754,0.007247368500858901
466,0.07109881349647756,0.04761725297487222,0.037246323075021626,0.007850260909161196
467,0.07160103819058214,0.04644163105646,0.037691261895933754,0.007247368500858901
468,0.07071041898405636,0.047169524725018175,0.037246323075021626,0.007850260909161196
469,0.07043424792979855,0.04690531847073317,0.037691261895933754,0.007247368500858901
470,0.06932097392164131,0.045874579346457056,0.037246323075021626,0.007850260909161196
471,0.06759875169941912,0.04152127993591003,0.037691261895933754,0.007247368500858901
472,0.0694309108886417,0.044745728706242965,0.037246323075021626,0.007850260909161196
473,0.0686545544432085,0.03969518835268832,0.037691261895933754,0.007247368500858901
474,0.06837529353602768,0.04141015531360586,0.037246323075021626,0.007850260909161196
475,0.06837535533308614,0.043730990204231907,0.037691261895933754,0.007247368500858901
476,0.0691539364726239,0.047337978701800655,0.037246323075021626,0.007850260909161196
477,0.0702097392164133,0.04949284338357074,0.037691261895933754,0.007247368500858901
478,0.06887665307131381,0.04503010987672579,0.037246323075021626,0.007850260909161196
479,0.06943319737980472,0.04432132238043584,0.037691261895933754,0.007247368500858901
480,0.06731905821282906,0.04128920346311932,0.037246323075021626,0.007850260909161196
481,0.06893220862686936,0.04209058503405154,0.037691261895933754,0.007247368500858901
482,0.07009899888765295,0.04264703205286939,0.037246323075021626,0.007850260909161196
483,0.07171134593993325,0.04433786624332253,0.037691261895933754,0.007247368500858901
484,0.07421258188110245,0.04690979120551241,0.037246323075021626,0.007850260909161196
485,0.07593591645037696,0.0510398302506483,0.037691261895933754,0.007247368500858901
486,0.07232251884810284,0.04725038822985894,0.037246323075021626,0.007850260909161196
487,0.07538042269187988,0.04991712826500853,0.037691261895933754,0.007247368500858901
488,0.07538005190952911,0.049475139241565415,0.037246323075021626,0.007850260909161196
489,0.07515782968730689,0.04688734377929175,0.037691261895933754,0.007247368500858901
490,0.077047151155605,0.049006041174167354,0.037246323075021626,0.007850260909161196
491,0.07882789519218886,0.048405288612042296,0.037691261895933754,0.007247368500858901
492,0.07810301569645285,0.04774028168164092,0.037246323075021626,0.007850260909161196
493,0.08105017921146954,0.05355803877401323,0.037691261895933754,0.007247368500858901
494,0.08544123099740454,0.06073786543023297,0.037246323075021626,0.007850260909161196
495,0.08483110863922878,0.05918404466987847,0.037691261895933754,0.007247368500858901
496,0.0836069707081943,0.056009640229027755,0.037246323075021626,0.007850260909161196
497,0.08549857866765542,0.057220736431920195,0.037691261895933754,0.007247368500858901
498,0.08399585959708318,0.055671998355597344,0.037246323075021626,0.007850260909161196
499,0.08327339018662713,0.05435276766887307,0.037691261895933754,0.007247368500858901
500,0.08149579780002472,0.05046502723279905,0.037246323075021626,0.007850260909161196
501,0.08521907057224076,0.05664598193162004,0.037691261895933754,0.007247368500858901
502,0.08655401062909404,0.05562255439636388,0.037246323075021626,0.007850260909161196
503,0.08277283401310098,0.04902422382451335,0.037691261895933754,0.007247368500858901
504,0.08244098380917068,0.049243252289786585,0.037246323075021626,0.007850260909161196
505,0.08338542825361514,0.04720924477850772,0.037691261895933754,0.007247368500858901
506,0.08661012235817575,0.04835045517889821,0.037246323075021626,0.007850260909161196
507,0.08822067729576073,0.04989620643917106,0.037691261895933754,0.007247368500858901
508,0.08799925843529849,0.04920248648851912,0.037246323075021626,0.007850260909161196
509,0.0898890124830058,0.04898311465627955,0.037691261895933754,0.007247368500858901
510,0.0887202447163515,0.04890530335430215,0.037246323075021626,0.007850260909161196
511,0.08955567914967248,0.04820111991680281,0.037691261895933754,0.007247368500858901
512,0.09027777777777779,0.049216594687486556,0.037246323075021626,0.007850260909161196
513,0.09166753182548511,0.05121303271498318,0.037691261895933754,0.007247368500858901
514,0.0939479050797182,0.05406499229105263,0.037246323075021626,0.007850260909161196
515,0.09122246941045606,0.05174907914497937,0.037691261895933754,0.007247368500858901
516,0.09144487702385366,0.05233235447944016,0.037246323075021626,0.007850260909161196
517,0.09111135829934494,0.05181385464183451,0.037691261895933754,0.007247368500858901
518,0.08638814732418738,0.04869389569320236,0.037246323075021626,0.007850260909161196
519,0.0846085156346558,0.04715321266858119,0.037691261895933754,0.007247368500858901
520,0.0846643183784452,0.0474634345089341,0.037246323075021626,0.007850260909161196
521,0.08121740205166234,0.04183669749846646,0.037691261895933754,0.007247368500858901
522,0.08066129032258065,0.04127247747124403,0.037246323075021626,0.007850260909161196
523,0.07904888147324188,0.03971547205182821,0.037691261895933754,0.007247368500858901
524,0.08071709306637005,0.04130557613411055,0.037246323075021626,0.007850260909161196
525,0.0804395624768261,0.04126332269094667,0.037691261895933754,0.007247368500858901
526,0.08282974910394265,0.04589517856397616,0.037246323075021626,0.007850260909161196
527,0.08227332838956866,0.04684812352663688,0.037691261895933754,0.007247368500858901
528,0.08255252749969101,0.04814841450639759,0.037246323075021626,0.007850260909161196
529,0.08377530589543938,0.05108882213366662,0.037691261895933754,0.007247368500858901
530,0.08171802002224693,0.04693693351562254,0.037246323075021626,0.007850260909161196
531,0.07882715362748734,0.048946730966542826,0.037691261895933754,0.007247368500858901
532,0.07910548757879125,0.04784973305657273,0.037246323075021626,0.007850260909161196
533,0.07821610431343469,0.04396186126333981,0.037691261895933754,0.007247368500858901
534,0.075824558151032,0.03906192577940566,0.037246323075021626,0.007850260909161196
535,0.07532443455691509,0.03801847795305023,0.037691261895933754,0.007247368500858901
536,0.07915999258435298,0.04289650572997225,0.037246323075021626,0.007850260909161196
537,0.079828451365715,0.04408512482752257,0.037691261895933754,0.007247368500858901
538,0.08216271165492522,0.04703153677196621,0.037246323075021626,0.007850260909161196
539,0.08338586083302435,0.04647629310589727,0.037691261895933754,0.007247368500858901
540,0.0841640093931529,0.048033007823665756,0.037246323075021626,0.007850260909161196
541,0.08566400939315288,0.047850612979186156,0.037691261895933754,0.007247368500858901
542,0.08866611049314052,0.052391799811999054,0.037246323075021626,0.007850260909161196
543,0.08911067853170189,0.05082462372653334,0.037691261895933754,0.007247368500858901
544,0.08644302311209986,0.04759806176661327,0.037246323075021626,0.007850260909161196
545,0.08533104684217033,0.0450780545269187,0.037691261895933754,0.007247368500858901
546,0.08521968854282536,0.04441753439897431,0.037246323075021626,0.007850260909161196
547,0.08460863922877271,0.044003355519511574,0.037691261895933754,0.007247368500858901
548,0.0829966011617847,0.04231386500724893,0.037246323075021626,0.007850260909161196
549,0.08538635520949203,0.046696151081864916,0.037691261895933754,0.007247368500858901
550,0.08611061673464342,0.04957452870114756,0.037246323075021626,0.007850260909161196
551,0.08516407119021134,0.04761609850118385,0.037691261895933754,0.007247368500858901
552,0.07888289457421827,0.0416157369812427,0.037246323075021626,0.007850260909161196
553,0.07871505376344086,0.04451000164105841,0.037691261895933754,0.007247368500858901
554,0.0762698677542949,0.04196728038843473,0.037246323075021626,0.007850260909161196
555,0.07593641082684464,0.03923687524856988,0.037691261895933754,0.007247368500858901
556,0.07715906562847609,0.040855556682407417,0.037246323075021626,0.007850260909161196
557,0.08032832777159807,0.04393827194207938,0.037691261895933754,0.007247368500858901
558,0.0796613521196391,0.043668297606504286,0.037246323075021626,0.007850260909161196
559,0.07921598071931776,0.04290622360323357,0.037691261895933754,0.007247368500858901
560,0.08032746261277963,0.04534733202772036,0.037246323075021626,0.007850260909161196
561,0.08077332838956866,0.044979474417664866,0.037691261895933754,0.007247368500858901
562,0.07910480781114819,0.04270969235787962,0.037246323075021626,0.007850260909161196
563,0.0826072796934866,0.04919930114956146,0.037691261895933754,0.007247368500858901
564,0.08266302064021754,0.051293111745806676,0.037246323075021626,0.007850260909161196
565,0.08471851439871463,0.054031858527757645,0.037691261895933754,0.007247368500858901
566,0.08483104684217031,0.05457348565183923,0.037246323075021626,0.007850260909161196
567,0.0874429613150414,0.05883526772953593,0.037691261895933754,0.007247368500858901
568,0.08944506241502904,0.06123470395080461,0.037246323075021626,0.007850260909161196
569,0.09077870473365465,0.06212372597513264,0.037691261895933754,0.007247368500858901
570,0.086443579285626,0.05521617611537063,0.037246323075021626,0.007850260909161196
571,0.09066740823136818,0.05770826766359695,0.037691261895933754,0.007247368500858901
572,0.09122333456927449,0.0566476456571658,0.037246323075021626,0.007850260909161196
573,0.0903896304535904,0.055336391107026255,0.037691261895933754,0.007247368500858901
574,0.08994432085032752,0.055078950294440696,0.037246323075021626,0.007850260909161196
575,0.08777604746014088,0.052264626107023336,0.037691261895933754,0.007247368500858901
576,0.08527536769249783,0.046317323967054784,0.037246323075021626,0.007850260909161196
577,0.08377530589543938,0.0435581781366553,0.037691261895933754,0.007247368500858901
578,0.08010486960820665,0.03944113377084416,0.037246323075021626,0.007850260909161196
579,0.07971628970461006,0.03846503605985677,0.037691261895933754,0.007247368500858901
580,0.076547151155605,0.03458277332587405,0.037246323075021626,0.007850260909161196
581,0.0768819058212829,0.03648326018082968,0.037691261895933754,0.007247368500858901
582,0.07576980595723645,0.035974470197160956,0.037246323075021626,0.007850260909161196
583,0.07599202817945865,0.03674751160906442,0.037691261895933754,0.007247368500858901
584,0.07860474601408973,0.03955259990663987,0.037246323075021626,0.007850260909161196
585,0.07743758497095538,0.037292740063700064,0.037691261895933754,0.007247368500858901
586,0.07899208997651712,0.04093788570759978,0.037246323075021626,0.007850260909161196
587,0.07549159560004944,0.03852263273099416,0.037691261895933754,0.007247368500858901
588,0.07843857372389074,0.044164994220293304,0.037246323075021626,0.007850260909161196
589,0.07632610307749352,0.04586081712662482,0.037691261895933754,0.007247368500858901
590,0.07560270671116055,0.046663116267892345,0.037246323075021626,0.007850260909161196
591,0.07599208997651712,0.04700320918595249,0.037691261895933754,0.007247368500858901
592,0.07482400197750588,0.04887584859750851,0.037246323075021626,0.007850260909161196
593,0.07232369299221357,0.04736589136970765,0.037691261895933754,0.007247368500858901
594,0.07193412433568161,0.04756614922280369,0.037246323075021626,0.007850260909161196
595,0.07243517488567544,0.04793330687839787,0.037691261895933754,0.007247368500858901
596,0.07438017550364602,0.05107594364484929,0.037246323075021626,0.007850260909161196
597,0.07404659498207886,0.05115409371089907,0.037691261895933754,0.007247368500858901
598,0.07098918551476949,0.04427572504284661,0.037246323075021626,0.007850260909161196
599,0.07315708812260538,0.04630831747299721,0.037691261895933754,0.007247368500858901
600,0.06970961562229637,0.041417003023119944,0.037246323075021626,0.007850260909161196
601,0.07076696329254728,0.042038899895068954,0.037691261895933754,0.007247368500858901
602,0.0700428253615128,0.04049238972768222,0.037246323075021626,0.007850260909161196
603,0.07048900012359412,0.041799282585163466,0.037691261895933754,0.007247368500858901
604,0.07187813620071684,0.040813400994074676,0.037246323075021626,0.007850260909161196
605,0.07126776665430726,0.038771608454522134,0.037691261895933754,0.007247368500858901
606,0.07176733407489803,0.039708874082984236,0.037246323075021626,0.007850260909161196
607,0.07065548139908541,0.03895748406985034,0.037691261895933754,0.007247368500858901
608,0.06920955382523793,0.03499393085627993,0.037246323075021626,0.007850260909161196
609,0.0687639970337412,0.033967746912213895,0.037691261895933754,0.007247368500858901
610,0.06959856630824372,0.03345002211280509,0.037246323075021626,0.007850260909161196
611,0.06954313434680509,0.03527310833495658,0.037691261895933754,0.007247368500858901
612,0.06854307254974663,0.03302220640193018,0.037246323075021626,0.007850260909161196
613,0.06982128290693364,0.03396616428323779,0.037691261895933754,0.007247368500858901
614,0.069321468298109,0.033830951460223205,0.037246323075021626,0.007850260909161196
615,0.07048782597948337,0.03553110351871019,0.037691261895933754,0.007247368500858901
616,0.0711002966258806,0.03587916275637528,0.037246323075021626,0.007850260909161196
617,0.07059868990236065,0.03574385666647478,0.037691261895933754,0.007247368500858901
618,0.06937720924483995,0.033648383187643696,0.037246323075021626,0.007850260909161196
619,0.06698621925596342,0.03127349700649689,0.037691261895933754,0.007247368500858901
620,0.06743084909158323,0.031205388107552363,0.037246323075021626,0.007850260909161196
621,0.06943332097392164,0.03449449009902794,0.037691261895933754,0.007247368500858901
622,0.06815443084909159,0.0339669074159748,0.037246323075021626,0.007850260909161196
623,0.06793152885922629,0.033453530670874504,0.037691261895933754,0.007247368500858901
624,0.0678760351007292,0.03331475177513961,0.037246323075021626,0.007850260909161196
625,0.06737572611543689,0.0334920505679546,0.037691261895933754,0.007247368500858901
626,0.06854226918798664,0.03404407378703138,0.037246323075021626,0.007850260909161196
627,0.06759844271412681,0.03427049934822172,0.037691261895933754,0.007247368500858901
628,0.06743004572982327,0.03415028225724162,0.037246323075021626,0.007850260909161196
629,0.06976585094549499,0.03790144444103185,0.037691261895933754,0.007247368500858901
630,0.06965424545791621,0.03616014698473552,0.037246323075021626,0.007850260909161196
631,0.06815430725497466,0.032969747767812745,0.037691261895933754,0.007247368500858901
632,0.06770800889877641,0.03189265001139586,0.037246323075021626,0.007850260909161196
633,0.06876541836608577,0.03278618940287208,0.037691261895933754,0.007247368500858901
634,0.06554134223210975,0.028380735608373727,0.037246323075021626,0.007850260909161196
635,0.06542992213570634,0.02903702752967713,0.037691261895933754,0.007247368500858901
636,0.06693066370040786,0.030130126899957633,0.037246323075021626,0.007850260909161196
637,0.06570807069583487,0.028815215727108153,0.037691261895933754,0.007247368500858901
638,0.06476263749845508,0.02803060436462293,0.037246323075021626,0.007850260909161196
639,0.06665245334322087,0.030415280477961642,0.037691261895933754,0.007247368500858901
640,0.0665417130144605,0.03108429246297963,0.037246323075021626,0.007850260909161196
641,0.06782078853046594,0.034661739015609656,0.037691261895933754,0.007247368500858901
642,0.0666533185020393,0.03507560461066618,0.037246323075021626,0.007850260909161196
643,0.0643186874304783,0.03308729784992379,0.037691261895933754,0.007247368500858901
644,0.06292825361512791,0.03085615747965795,0.037246323075021626,0.007850260909161196
645,0.06365072302558399,0.03360732227124235,0.037691261895933754,0.007247368500858901
646,0.06309584723767149,0.03335858784871182,0.037246323075021626,0.007850260909161196
647,0.06276214312198738,0.030649517836587783,0.037691261895933754,0.007247368500858901
648,0.06287350142133234,0.031885652872382084,0.037246323075021626,0.007850260909161196
649,0.06504109504387591,0.03625217722928733,0.037691261895933754,0.007247368500858901
650,0.06409621802002224,0.03524025181257532,0.037246323075021626,0.007850260909161196
651,0.061316400939315285,0.03124909017028613,0.037691261895933754,0.007247368500858901
652,0.060204919045853414,0.03045595207018056,0.037246323075021626,0.007850260909161196
653,0.05920498084291187,0.0303140970265577,0.037691261895933754,0.007247368500858901
654,0.05753639846743295,0.03171919029826227,0.037246323075021626,0.007850260909161196
655,0.05581337288345074,0.028072330397029707,0.037691261895933754,0.007247368500858901
656,0.0548683104684217,0.02754073520431298,0.037246323075021626,0.007850260909161196
657,0.05614670621678408,0.03044289035148124,0.037691261895933754,0.007247368500858901
658,0.05458991472005932,0.028965550146791252,0.037246323075021626,0.007850260909161196
659,0.05497954517364974,0.02949433844543442,0.037691261895933754,0.007247368500858901
660,0.05631362007168459,0.033074865174328914,0.037246323075021626,0.007850260909161196
661,0.057091892225930044,0.03350372713689942,0.037691261895933754,0.007247368500858901
662,0.05347855642071438,0.027369510211543772,0.037246323075021626,0.007850260909161196
663,0.0524222593004573,0.026041044212084283,0.037691261895933754,0.007247368500858901
664,0.052366827339018665,0.025273644196776114,0.037246323075021626,0.007850260909161196
665,0.051644357928562604,0.02315782541697045,0.037691261895933754,0.007247368500858901
666,0.049976208132492886,0.01937582572164112,0.037246323075021626,0.007850260909161196
667,0.05008769002595477,0.0199112839577585,0.037691261895933754,0.007247368500858901
668,0.04919843035471511,0.01792000807936472,0.037246323075021626,0.007850260909161196
669,0.05003250525274997,0.01904174597284311,0.037691261895933754,0.007247368500858901
670,0.04997657891484365,0.020320434589157405,0.037246323075021626,0.007850260909161196
671,0.05036559139784946,0.020267459587171684,0.037691261895933754,0.007247368500858901
672,0.050254603880855266,0.02032141209732732,0.037246323075021626,0.007850260909161196
673,0.051199542701767395,0.022114095715528154,0.037691261895933754,0.007247368500858901
674,0.05019917191941663,0.02054111173011232,0.037246323075021626,0.007850260909161196
675,0.05086571499196638,0.021960569283438345,0.037691261895933754,0.007247368500858901
676,0.05125522185143988,0.0226657028868892,0.037246323075021626,0.007850260909161196
677,0.051422012112223456,0.02216847822237078,0.037691261895933754,0.007247368500858901
678,0.051087937214188604,0.022947785900948356,0.037246323075021626,0.007850260909161196
679,0.051311271783463105,0.02259912429394772,0.037691261895933754,0.007247368500858901
680,0.05025410950438759,0.02032049785917751,0.037246323075021626,0.007850260909161196
681,0.0498658385860833,0.018794067441102503,0.037691261895933754,0.007247368500858901
682,0.04830867630700778,0.015704624104180272,0.037246323075021626,0.007850260909161196
683,0.049087319243604,0.017382206885062233,0.037691261895933754,0.007247368500858901
684,0.04925398591027067,0.017350340163547095,0.037246323075021626,0.007850260909161196
685,0.05031015943641083,0.01958118348977483,0.037691261895933754,0.007247368500858901
686,0.05019917191941663,0.019106961830045406,0.037246323075021626,0.007850260909161196
687,0.04969805957236435,0.01732951897530788,0.037691261895933754,0.007247368500858901
688,0.04853151649981461,0.014277861355471634,0.037246323075021626,0.007850260909161196
689,0.04775287356321839,0.013047725791288557,0.037691261895933754,0.007247368500858901
690,0.04741941663576814,0.012564525443008609,0.037246323075021626,0.007850260909161196
691,0.0470302805586454,0.012246413970027669,0.037691261895933754,0.007247368500858901
692,0.046418736868125074,0.01150428777348401,0.037246323075021626,0.007850260909161196
693,0.04580713138054628,0.012149913099240241,0.037691261895933754,0.007247368500858901
694,0.0465854653318502,0.011247527304104563,0.037246323075021626,0.007850260909161196
695,0.04719694722531208,0.012266569585103342,0.037691261895933754,0.007247368500858901
696,0.04791966382400198,0.01213869505560573,0.037246323075021626,0.007850260909161196
697,0.04786386108021258,0.013421151756468639,0.037691261895933754,0.007247368500858901
698,0.04719670003707824,0.01158227315572048,0.037246323075021626,0.007850260909161196
699,0.04786386108021258,0.011866655091610076,0.037691261895933754,0.007247368500858901
700,0.04764151526387344,0.01246059035988392,0.037246323075021626,0.007850260909161196
701,0.04864225682857496,0.01351073869789258,0.037691261895933754,0.007247368500858901
702,0.04919843035471512,0.013294065023978997,0.037246323075021626,0.007850260909161196
703,0.04903114571746385,0.012521705232754874,0.037691261895933754,0.007247368500858901
704,0.04808633049066864,0.01109372472612994,0.037246323075021626,0.007850260909161196
705,0.04841960202694352,0.011683050954228884,0.037691261895933754,0.007247368500858901
706,0.048808985292300086,0.0121989082446933,0.037246323075021626,0.007850260909161196
707,0.04908719564948708,0.012701489677233965,0.037691261895933754,0.007247368500858901
708,0.0493646026449141,0.012626835589259462,0.037246323075021626,0.007850260909161196
709,0.0508658385860833,0.014735863360631858,0.037691261895933754,0.007247368500858901
710,0.051921950315165,0.016500407374193345,0.037246323075021626,0.007850260909161196
711,0.05181102459522927,0.015930057896489075,0.037691261895933754,0.007247368500858901
712,0.05175516005438141,0.016215547859184092,0.037246323075021626,0.007850260909161196
713,0.05242250648869114,0.017406209029070394,0.037691261895933754,0.007247368500858901
714,0.05119929551353356,0.015546387391704612,0.037246323075021626,0.007850260909161196
715,0.051532999629217646,0.015541663957426996,0.037691261895933754,0.007247368500858901
716,0.05003164009393153,0.01352296846600372,0.037246323075021626,0.007850260909161196
717,0.05103262884686689,0.01587165647410151,0.037691261895933754,0.007247368500858901
718,0.05125460388085527,0.017422543264161143,0.037246323075021626,0.007850260909161196
719,0.05025435669262144,0.015599519950954956,0.037691261895933754,0.007247368500858901
720,0.05075472747497219,0.016203676540654428,0.037246323075021626,0.007850260909161196
721,0.051755098257322954,0.018501586231339576,0.037691261895933754,0.007247368500858901
722,0.051699542701767395,0.0186666053081326,0.037246323075021626,0.007850260909161196
723,0.052477444073662095,0.01970026639941706,0.037691261895933754,0.007247368500858901
724,0.051922259300457296,0.018512923230842963,0.037246323075021626,0.007850260909161196
725,0.05175546903967371,0.018374645595802045,0.037691261895933754,0.007247368500858901
726,0.05097694969719442,0.01652077270283097,0.037246323075021626,0.007850260909161196
727,0.051533246817451486,0.017821045735593424,0.037691261895933754,0.007247368500858901
728,0.0508658385860833,0.01595628216979955,0.037246323075021626,0.007850260909161196
729,0.05081003584229391,0.014912259756856257,0.037691261895933754,0.007247368500858901
730,0.051198801137065875,0.015393611366096861,0.037246323075021626,0.007850260909161196
731,0.052811148189346194,0.018007550402000024,0.037691261895933754,0.007247368500858901
732,0.052366827339018665,0.017336529424585585,0.037246323075021626,0.007850260909161196
733,0.052366703744901745,0.017006726850967324,0.037691261895933754,0.007247368500858901
734,0.051477073291311334,0.01606168155495052,0.037246323075021626,0.007850260909161196
735,0.05175528364849833,0.016356632749963785,0.037691261895933754,0.007247368500858901
736,0.05242182672104808,0.01763778834305841,0.037246323075021626,0.007850260909161196
737,0.050476826103077486,0.01406113017170511,0.037691261895933754,0.007247368500858901
738,0.05142096156222964,0.01564182197959172,0.037246323075021626,0.007850260909161196
739,0.05075491286614757,0.014484006007941464,0.037691261895933754,0.007247368500858901
740,0.050365220615498696,0.01397742942252519,0.037246323075021626,0.007850260909161196
741,0.05008775182301323,0.013536023131554564,0.037691261895933754,0.007247368500858901
742,0.050143060190334945,0.013954817983932645,0.037246323075021626,0.007850260909161196
743,0.05047701149425288,0.014199004497729413,0.037691261895933754,0.007247368500858901
744,0.04897608453837597,0.012032870816422493,0.037246323075021626,0.007850260909161196
745,0.04853102212334692,0.011436248758516052,0.037691261895933754,0.007247368500858901
746,0.04847559016190829,0.011370650057360461,0.037246323075021626,0.007850260909161196
747,0.04769688542825361,0.010582016014795585,0.037691261895933754,0.007247368500858901
748,0.0474749721913237,0.010329308006171297,0.037246323075021626,0.007850260909161196
749,0.04669632925472748,0.00989782749536534,0.037691261895933754,0.007247368500858901
750,0.04664114448152268,0.00992125510555875,0.037246323075021626,0.007850260909161196
751,0.046140650105055005,0.009664213771614482,0.037691261895933754,0.007247368500858901
752,0.04514021752564577,0.009100144337814042,0.037246323075021626,0.007850260909161196
753,0.045807069583487826,0.009594254991594392,0.037691261895933754,0.007247368500858901
754,0.04497348906192065,0.009034168727806465,0.037246323075021626,0.007850260909161196
755,0.04402805586454085,0.011037543239823928,0.037691261895933754,0.007247368500858901
756,0.044695464095909035,0.009683779898406084,0.037246323075021626,0.007850260909161196
757,0.044584229390681004,0.010916388774933627,0.037691261895933754,0.007247368500858901
758,0.045028921023359286,0.01006175947156821,0.037246323075021626,0.007850260909161196
759,0.045140279322704244,0.011422613212564058,0.037691261895933754,0.007247368500858901
760,0.045417933506365096,0.010382277553545552,0.037246323075021626,0.007850260909161196
761,0.04547361265603757,0.011272902876820817,0.037691261895933754,0.007247368500858901
762,0.04652966258806081,0.010664193877791365,0.037246323075021626,0.007850260909161196
763,0.04664108268446422,0.011214118793766421,0.037691261895933754,0.007247368500858901
764,0.04708571252008404,0.010629592380849056,0.037246323075021626,0.007850260909161196
765,0.04786398467432949,0.011976286922933198,0.037691261895933754,0.007247368500858901
766,0.04719694722531207,0.01063084941532481,0.037246323075021626,0.007850260909161196
767,0.04619602026943518,0.009814598774908053,0.037691261895933754,0.007247368500858901
768,0.04664108268446422,0.009636614398082638,0.037246323075021626,0.007850260909161196
769,0.04719700902237054,0.010578724963675385,0.037691261895933754,0.007247368500858901
770,0.04780867630700779,0.010635471297866439,0.037246323075021626,0.007850260909161196
771,0.047029971573353105,0.010077915921619917,0.037691261895933754,0.007247368500858901
772,0.047975033988382154,0.010773810989490283,0.037246323075021626,0.007850260909161196
773,0.04847521937955753,0.011364879112333807,0.037691261895933754,0.007247368500858901
774,0.04930917068347547,0.012460201071202315,0.037246323075021626,0.007850260909161196
775,0.04947571375602521,0.012509288342709986,0.037691261895933754,0.007247368500858901
776,0.0491983067605982,0.012278783719859498,0.037246323075021626,0.007850260909161196
777,0.050254356692621426,0.013707829648302767,0.037691261895933754,0.007247368500858901
778,0.05125472747497219,0.01537881227384594,0.037246323075021626,0.007850260909161196
779,0.05031009763935237,0.013938414864484022,0.037691261895933754,0.007247368500858901
780,0.05058762822889631,0.014345872432060492,0.037246323075021626,0.007850260909161196
781,0.05008781362007168,0.013874640093605442,0.037691261895933754,0.007247368500858901
782,0.04964238042269188,0.013210746381174133,0.037246323075021626,0.007850260909161196
783,0.05008756643183785,0.01368575427184804,0.037691261895933754,0.007247368500858901
784,0.04992059077987887,0.013414907697290876,0.037246323075021626,0.007850260909161196
785,0.049865158818440246,0.013122141532413995,0.037691261895933754,0.007247368500858901
786,0.05081034482758621,0.014763016058756248,0.037246323075021626,0.007850260909161196
787,0.049476146335434436,0.012918002309723281,0.037691261895933754,0.007247368500858901
788,0.04847521937955753,0.013057576968449546,0.037246323075021626,0.007850260909161196
789,0.04975367692497837,0.015196941369571185,0.037691261895933754,0.007247368500858901
790,0.04947565195896675,0.016411283165802912,0.037246323075021626,0.007850260909161196
791,0.05014324558151032,0.016544284918363537,0.037691261895933754,0.007247368500858901
792,0.05086577678902484,0.018287856399520633,0.037246323075021626,0.007850260909161196
793,0.051644110740328764,0.019610292582061595,0.037691261895933754,0.007247368500858901
794,0.05158843159065628,0.020982901146306736,0.037246323075021626,0.007850260909161196
795,0.05153250525274997,0.01993151430769712,0.037691261895933754,0.007247368500858901
796,0.05064367816091954,0.018007722350765244,0.037246323075021626,0.007850260909161196
797,0.05019830676059819,0.016251977743052835,0.037691261895933754,0.007247368500858901
798,0.05225546903967371,0.02065517880460213,0.037246323075021626,0.007850260909161196
799,0.05164429613150414,0.01875096221808918,0.037691261895933754,0.007247368500858901
800,0.05208861698183166,0.02108258175833051,0.037246323075021626,0.007850260909161196
801,0.05203355580274379,0.02003974847388032,0.037691261895933754,0.007247368500858901
802,0.052811333580521556,0.021448030968665436,0.037246323075021626,0.007850260909161196
803,0.05231102459522927,0.01940104043604385,0.037691261895933754,0.007247368500858901
804,0.0528112717834631,0.019470493050390912,0.037246323075021626,0.007850260909161196
805,0.05286713632431096,0.01931517298578565,0.037691261895933754,0.007247368500858901
806,0.052533185020393024,0.01949483618114383,0.037246323075021626,0.007850260909161196
807,0.05342263008280805,0.020918037851785563,0.037691261895933754,0.007247368500858901
808,0.053033494005685335,0.0203278163493399,0.037246323075021626,0.007850260909161196
809,0.05253299962921765,0.01832396844956104,0.037691261895933754,0.007247368500858901
810,0.05114411074032876,0.01671098581541612,0.037246323075021626,0.007850260909161196
811,0.050754356692621426,0.01479973877623043,0.037691261895933754,0.007247368500858901
812,0.050309850451118535,0.014877162733909127,0.037246323075021626,0.007850260909161196
813,0.05097738227660363,0.01614319788157661,0.037691261895933754,0.007247368500858901
814,0.0506434309726857,0.016633365625802237,0.037246323075021626,0.007850260909161196
815,0.048920096403411197,0.013025287914841805,0.037691261895933754,0.007247368500858901
816,0.04986484983314794,0.015365242099430883,0.037246323075021626,0.007850260909161196
817,0.05142182672104808,0.01708215461561682,0.037691261895933754,0.007247368500858901
818,0.0502545420837968,0.014754822484786906,0.037246323075021626,0.007850260909161196
819,0.05019849215177358,0.014168207358140915,0.037691261895933754,0.007247368500858901
820,0.048975775553083675,0.013019622242624426,0.037246323075021626,0.007850260909161196
821,0.049086763070077866,0.012164040300119467,0.037691261895933754,0.007247368500858901
822,0.048808614509949326,0.012135139877565555,0.037246323075021626,0.007850260909161196
823,0.04942059077987888,0.012510934813246758,0.037691261895933754,0.007247368500858901
824,0.048919849215177356,0.011909519757489436,0.037246323075021626,0.007850260909161196
825,0.0501431219873934,0.01341515308395651,0.037691261895933754,0.007247368500858901
826,0.05125472747497219,0.015420989300575462,0.037246323075021626,0.007850260909161196
827,0.050310283030527744,0.013688062271479912,0.037691261895933754,0.007247368500858901
828,0.049809417871709304,0.013223283536207492,0.037246323075021626,0.007850260909161196
829,0.04930917068347547,0.012474971791680054,0.037691261895933754,0.007247368500858901
830,0.04919781238413051,0.012293191107727738,0.037246323075021626,0.007850260909161196
831,0.048531083920405386,0.011463273045100732,0.037691261895933754,0.007247368500858901
832,0.048475281176615995,0.011614854391650664,0.037246323075021626,0.007850260909161196
833,0.0489204053887035,0.011845200418851946,0.037691261895933754,0.007247368500858901
834,0.04814200964034112,0.010998757010473726,0.037246323075021626,0.007850260909161196
835,0.047363675689037196,0.010307194298014688,0.037691261895933754,0.007247368500858901
836,0.047029600791002345,0.009860432226254084,0.037246323075021626,0.007850260909161196
837,0.048530960326288466,0.011414647953161628,0.037691261895933754,0.007247368500858901
838,0.048197256210604375,0.01101755237845049,0.037246323075021626,0.007850260909161196
839,0.04958707205537016,0.012690485750856252,0.037691261895933754,0.007247368500858901
840,0.04986559139784946,0.013581499883893686,0.037246323075021626,0.007850260909161196
841,0.05125472747497219,0.01504970829783973,0.037691261895933754,0.007247368500858901
842,0.05097676430601903,0.014986460446076133,0.037246323075021626,0.007850260909161196
843,0.05142176492398962,0.015319646582977214,0.037691261895933754,0.007247368500858901
844,0.051699480904708925,0.016222189696152026,0.037246323075021626,0.007850260909161196
845,0.05375676677790138,0.01917697970720617,0.037691261895933754,0.007247368500858901
846,0.052311271783463106,0.017131508648309396,0.037246323075021626,0.007850260909161196
847,0.051866394759609434,0.016011471433801307,0.037691261895933754,0.007247368500858901
848,0.05092151773575578,0.014844417449157411,0.037246323075021626,0.007850260909161196
849,0.05086577678902484,0.014897965814880279,0.037691261895933754,0.007247368500858901
850,0.05058775182301323,0.014671703109068854,0.037246323075021626,0.007850260909161196
851,0.05003194907922383,0.01370069043510469,0.037691261895933754,0.007247368500858901
852,0.04897546656779137,0.012662723553178604,0.037246323075021626,0.007850260909161196
853,0.05069960449882586,0.015224186298606274,0.037691261895933754,0.007247368500858901
854,0.05053213447039921,0.01623832209352545,0.037246323075021626,0.007850260909161196
855,0.05181102459522927,0.017689360828805713,0.037691261895933754,0.007247368500858901
856,0.05347824743542208,0.020463106095057054,0.037246323075021626,0.007850260909161196
857,0.05403454455567915,0.02054535107577629,0.037691261895933754,0.007247368500858901
858,0.05536849585959709,0.024267943398780606,0.037246323075021626,0.007850260909161196
859,0.055201952787047336,0.02285562149268185,0.037691261895933754,0.007247368500858901
860,0.05559077987887777,0.025227893829143384,0.037246323075021626,0.007850260909161196
861,0.05492374242986033,0.024355613239310556,0.037691261895933754,0.007247368500858901
862,0.05570213817822271,0.027030906254320367,0.037246323075021626,0.007850260909161196
863,0.05431226053639847,0.02335291673116855,0.037691261895933754,0.007247368500858901
864,0.05464596465208256,0.024547970044914283,0.037246323075021626,0.007850260909161196
865,0.05414547027561488,0.024832603289805744,0.037691261895933754,0.007247368500858901
866,0.05492386602397725,0.027241372166154215,0.037246323075021626,0.007850260909161196
867,0.057759053269064387,0.03284431176870964,0.037691261895933754,0.007247368500858901
868,0.05731349647756767,0.03018394050505316,0.037246323075021626,0.007850260909161196
869,0.05614670621678408,0.028191227725542955,0.037691261895933754,0.007247368500858901
870,0.05620226177233963,0.030851725091683265,0.037246323075021626,0.007850260909161196
871,0.057425843529847975,0.03342654129828379,0.037691261895933754,0.007247368500858901
872,0.05714769496971944,0.032773993725030925,0.037246323075021626,0.007850260909161196
873,0.0565916450376962,0.03184553626674984,0.037691261895933754,0.007247368500858901
874,0.05475732295142751,0.027228284004211754,0.037246323075021626,0.007850260909161196
875,0.05553534791743912,0.027784359719703687,0.037691261895933754,0.007247368500858901
876,0.0544234952416265,0.025269937367829672,0.037246323075021626,0.007850260909161196
877,0.05542460758867877,0.025819870904409868,0.037691261895933754,0.007247368500858901
878,0.0544792979854159,0.02422469267220766,0.037246323075021626,0.007850260909161196
879,0.05386806328018786,0.023218839695804894,0.037691261895933754,0.007247368500858901
880,0.053088925967123966,0.02140103966902584,0.037246323075021626,0.007850260909161196
881,0.05531324928933383,0.02526934582197837,0.037691261895933754,0.007247368500858901
882,0.05370090223705352,0.021929346979996246,0.037246323075021626,0.007850260909161196
883,0.05386756890372019,0.024676059674155214,0.037691261895933754,0.007247368500858901
884,0.05420102583117044,0.025977773356383863,0.037246323075021626,0.007850260909161196
885,0.056592015820046956,0.02928522149578098,0.037691261895933754,0.007247368500858901
886,0.05753646026449142,0.03104936504988022,0.037246323075021626,0.007850260909161196
887,0.059538190582128295,0.035454431301700604,0.037691261895933754,0.007247368500858901
888,0.06209448770238537,0.04186045955280256,0.037246323075021626,0.007850260909161196
889,0.06381893461871214,0.04524898769592325,0.037691261895933754,0.007247368500858901
890,0.06470720553701644,0.050797342872680167,0.037246323075021626,0.007850260909161196
891,0.06498535409714498,0.05075949612030847,0.037691261895933754,0.007247368500858901
892,0.0661527005314547,0.05350614901817839,0.037246323075021626,0.007850260909161196
893,0.06637455197132616,0.051998908675022736,0.037691261895933754,0.007247368500858901
894,0.06754233098504511,0.056803845976773945,0.037246323075021626,0.007850260909161196
895,0.06565214435792856,0.04911583101240191,0.037691261895933754,0.007247368500858901
896,0.06654152762328512,0.05196842838493027,0.037246323075021626,0.007850260909161196
897,0.06782097392164133,0.0530548290159214,0.037691261895933754,0.007247368500858901
898,0.06587498455073539,0.0502045945418266,0.037246323075021626,0.007850260909161196
899,0.06693066370040786,0.05446234896030078,0.037691261895933754,0.007247368500858901
900,0.06415189716969472,0.0471739430746949,0.037246323075021626,0.007850260909161196
901,0.06498473612656037,0.04815936533193756,0.037691261895933754,0.007247368500858901
902,0.06454128043505128,0.04760473359439071,0.037246323075021626,0.007850260909161196
903,0.06276214312198738,0.04306489997110371,0.037691261895933754,0.007247368500858901
904,0.06209522926708688,0.04186196589553385,0.037246323075021626,0.007850260909161196
905,0.0601493016932394,0.0377358827117465,0.037691261895933754,0.007247368500858901
906,0.0601493016932394,0.03783927169538256,0.037246323075021626,0.007850260909161196
907,0.06059386973180077,0.038713827481023234,0.037691261895933754,0.007247368500858901
908,0.06159498207885304,0.04111941447966227,0.037246323075021626,0.007850260909161196
909,0.061705598813496465,0.04047793632095993,0.037691261895933754,0.007247368500858901
910,0.06109349894945,0.03878217684342872,0.037246323075021626,0.007850260909161196
911,0.06315066122852551,0.04296396621359081,0.037691261895933754,0.007247368500858901
912,0.06398584847361265,0.04602576404355142,0.037246323075021626,0.007850260909161196
913,0.06426263749845507,0.044690905158801815,0.037691261895933754,0.007247368500858901
914,0.0628738722036831,0.041207012872722576,0.037246323075021626,0.007850260909161196
915,0.06114954888147324,0.03510522273534616,0.037691261895933754,0.007247368500858901
916,0.06020547521937956,0.032804015611346875,0.037246323075021626,0.007850260909161196
917,0.06137164750957854,0.03392659579388114,0.037691261895933754,0.007247368500858901
918,0.06148424175009269,0.03540603063701776,0.037246323075021626,0.007850260909161196
919,0.06298399456185885,0.0372979553395819,0.037691261895933754,0.007247368500858901
920,0.06192880978865406,0.0355729030537124,0.037246323075021626,0.007850260909161196
921,0.06248350018539117,0.03553883951172666,0.037691261895933754,0.007247368500858901
922,0.06303955011741441,0.037131553263345475,0.037246323075021626,0.007850260909161196
923,0.06542979854158941,0.04110059254193245,0.037691261895933754,0.007247368500858901
924,0.06404078605858361,0.0394244242045618,0.037246323075021626,0.007850260909161196
925,0.06654263997033741,0.04376239355608879,0.037691261895933754,0.007247368500858901
926,0.06609733036707452,0.04393513076122591,0.037246323075021626,0.007850260909161196
927,0.06493041651217402,0.04016292304262555,0.037691261895933754,0.007247368500858901
928,0.06426313187492275,0.03957336055674069,0.037246323075021626,0.007850260909161196
929,0.06570905944877023,0.04165116223319546,0.037691261895933754,0.007247368500858901
930,0.06531881102459522,0.04166678860118115,0.037246323075021626,0.007850260909161196
931,0.0649860956618465,0.04028875624810528,0.037691261895933754,0.007247368500858901
932,0.06554078605858361,0.04205510229193018,0.037246323075021626,0.007850260909161196
933,0.06481893461871215,0.040002361982669835,0.037691261895933754,0.007247368500858901
934,0.06776436781609196,0.046415550755786954,0.037246323075021626,0.007850260909161196
935,0.06659819552589297,0.04338336732950042,0.037691261895933754,0.007247368500858901
936,0.06620800889877641,0.04330649416060041,0.037246323075021626,0.007850260909161196
937,0.06715319490792238,0.044632730939761084,0.037691261895933754,0.007247368500858901
938,0.0657078853046595,0.042364209547483864,0.037246323075021626,0.007850260909161196
939,0.06676517117785194,0.04369933635867309,0.037691261895933754,0.007247368500858901
940,0.06687516994191076,0.04463326067310828,0.037246323075021626,0.007850260909161196
941,0.06804387591150661,0.04621326593899687,0.037691261895933754,0.007247368500858901
942,0.06782078853046596,0.04651989379051834,0.037246323075021626,0.007850260909161196
943,0.06765344209615623,0.04543303858899317,0.037691261895933754,0.007247368500858901
944,0.0671536274873316,0.04516399297597568,0.037246323075021626,0.007850260909161196
945,0.07176795204548263,0.05370293735751076,0.037691261895933754,0.007247368500858901
946,0.07115696452848844,0.053736542922056596,0.037246323075021626,0.007850260909161196
947,0.07210103819058213,0.054356178290180815,0.037691261895933754,0.007247368500858901
948,0.07165628476084537,0.05447455511002176,0.037246323075021626,0.007850260909161196
949,0.06882159189222593,0.04809095280217449,0.037691261895933754,0.007247368500858901
950,0.06804245457916203,0.04711405695357989,0.037246323075021626,0.007850260909161196
951,0.06787665307131381,0.04607520906898555,0.037691261895933754,0.007247368500858901
952,0.06620837968112718,0.043347141307939346,0.037246323075021626,0.007850260909161196
953,0.06748671363243111,0.045353649514049514,0.037691261895933754,0.007247368500858901
954,0.06704165121740205,0.044944634233587626,0.037246323075021626,0.007850260909161196
955,0.06821010999876406,0.04670232254706132,0.037691261895933754,0.007247368500858901
956,0.06626350265727352,0.04409340281045919,0.037246323075021626,0.007850260909161196
957,0.06431899641577062,0.03902609313762879,0.037691261895933754,0.007247368500858901
958,0.06337300704486466,0.03796230053400537,0.037246323075021626,0.007850260909161196
959,0.06231769867754294,0.03551605058726572,0.037691261895933754,0.007247368500858901
960,0.06203880855271289,0.03519414214567251,0.037246323075021626,0.007850260909161196
961,0.06248479792361883,0.03539767206460357,0.037691261895933754,0.007247368500858901
962,0.06253985910270671,0.036224485488548654,0.037246323075021626,0.007850260909161196
963,0.060038128785069825,0.03178830178067959,0.037691261895933754,0.007247368500858901
964,0.05925998022494129,0.030833483477977913,0.037246323075021626,0.007850260909161196
965,0.06003757261154369,0.03111029425802095,0.037691261895933754,0.007247368500858901
966,0.05953819058212828,0.03144150117827845,0.037246323075021626,0.007850260909161196
967,0.0597044864664442,0.030930045393742875,0.037691261895933754,0.007247368500858901
968,0.06103899394388827,0.03375200648183732,0.037246323075021626,0.007850260909161196
969,0.05975973303670745,0.03046019642866469,0.037691261895933754,0.007247368500858901
970,0.06176115436905203,0.03506643553317653,0.037246323075021626,0.007850260909161196
971,0.06237300704486466,0.03532698636585221,0.037691261895933754,0.007247368500858901
972,0.05909312816709924,0.029756212988910083,0.037246323075021626,0.007850260909161196
973,0.056146644419725625,0.024014904024109957,0.037691261895933754,0.007247368500858901
974,0.05481244592757385,0.024049306210549966,0.037246323075021626,0.007850260909161196
975,0.054923557038684956,0.02435417370687583,0.037691261895933754,0.007247368500858901
976,0.05486824867136324,0.026076731153975904,0.037246323075021626,0.007850260909161196
977,0.05609084167593622,0.026500845121676265,0.037691261895933754,0.007247368500858901
978,0.05453491533802991,0.024127754279107207,0.037246323075021626,0.007850260909161196
979,0.05509022370535162,0.02366300939121842,0.037691261895933754,0.007247368500858901
980,0.05447923618835744,0.023288666134904188,0.037246323075021626,0.007850260909161196
981,0.05681362007168459,0.02708306254589189,0.037691261895933754,0.007247368500858901
982,0.05603590409096526,0.028077112858774213,0.037246323075021626,0.007850260909161196
983,0.056702261772339634,0.028519574515529233,0.037691261895933754,0.007247368500858901
984,0.054979545173649724,0.02800825138932486,0.037246323075021626,0.007850260909161196
985,0.05464571746384872,0.02763821059409216,0.037691261895933754,0.007247368500858901
986,0.05509115066122853,0.028797073266898697,0.037246323075021626,0.007850260909161196
987,0.055646459028550234,0.027799747333252932,0.037691261895933754,0.007247368500858901
988,0.055813434680509214,0.028417631896406316,0.037246323075021626,0.007850260909161196
989,0.05670219997528118,0.02931479205335676,0.037691261895933754,0.007247368500858901
990,0.057036583858608325,0.030720242565702157,0.037246323075021626,0.007850260909161196
991,0.05664701520207638,0.02849778760195978,0.037691261895933754,0.007247368500858901
992,0.05514645902855024,0.028636678926488832,0.037246323075021626,0.007850260909161196
993,0.05542448399456186,0.027329255247641644,0.037691261895933754,0.007247368500858901
994,0.05581324928933382,0.030691914464719087,0.037246323075021626,0.007850260909161196
995,0.055980286738351245,0.030919049120127117,0.037691261895933754,0.007247368500858901
996,0.056424607588678774,0.033778383734777914,0.037246323075021626,0.007850260909161196
997,0.05775930045729823,0.035024753659050105,0.037691261895933754,0.007247368500858901
998,0.058203374119391915,0.03774587359688468,0.037246323075021626,0.007850260909161196
999,0.05753695464095909,0.034224503861752145,0.037691261895933754,0.007247368500858901
1000,0.05653528612038067,0.03103306574900698,0.037246323075021626,0.007850260909161196
